UserID	Name	Phone no	Account Number	CVV
1836	Jacob	8251128184	41722728365	303
1906	Miranda	9110482327	51376874190	190
3646	Harold	9122245997	44165025918	362
7630	Deanna	7721147204	31284103441	901
8415	Adele	9260142490	60055457761	210
5424	Vincent	7692231990	75894382202	796
8294	Miley	8820535717	60484917396	278
9120	Eddy	7500687012	68762690149	353
1558	Alen	7144033608	31273506639	149
7837	Edwin	9963010781	76518575688	369
4602	Maya	9681873088	55506477505	402
6810	Dainton	8786704586	70830405789	422
3509	Edward	9675757790	18528318752	398
7638	Jenna	7572361525	26419200351	528
7420	Vincent	9747935127	32620242310	424
6184	Hailey	7469009617	58646994405	115
5415	Tyler	8197081890	58646994405	822
6351	Carina	7888707778	53758895991	989
7265	Anna	9191080713	22724341140	962
4530	Adison	9957728934	37793218263	727
5673	Freddie	9718380894	41261973286	240
3059	Gianna	8765777229	30515304929	668
1827	Adrianna	7497357847	62174868212	417
5906	Tara	7015424838	15860421914	531
2512	Paige	9564465671	48140743950	636
7033	Harold	7312574353	21702360135	532
9338	Jasmine	9652362002	8751122094	649
1176	Adrianna	7332795034	85587130279	228
6821	Charlie	7591059947	21015950492	490
9193	Sawyer	8936922695	46764622911	981
1325	Adison	8685597863	9167478231	109
2109	Briony	7685978137	73946190746	514
6484	Honey	7484247587	48546354174	524
1538	Arianna	7819041694	89734441172	453
6453	Ellia	9430752639	11848041020	931
5616	Walter	8107251315	30913330054	570
5873	Justin	8937055224	23399281454	862
6667	Frederick	9467464480	32100760474	611
8861	Richard	9428415285	39738349242	918
5457	Jessica	8294421464	23955337549	419
3295	Tara	8891875844	36818660715	449
4194	Dainton	8685256470	24374471228	681
6583	Henry	8872471962	61619211925	598
6819	Sienna	9797569510	4618144812	918
9687	Steven	9176540081	47327062441	518
3533	Adam	7432511988	4115335571	222
3027	Adrianna	9360106996	50051347690	409
7957	Arianna	7187406209	56983278832	233
5486	Elian	7895645749	27068656211	861
7942	Abigail	8368173421	17473683070	201
4500	Alfred	7227814564	70804227116	988
3480	Sam	9580144557	47773684633	510
1605	Alford	7543083336	48595895485	861
4527	Daryl	9376341919	44986475107	598
6057	Rebecca	9089089485	50916380298	659
6382	Ted	9406267025	65745530740	296
5980	Valeria	9518036790	21339776626	461
1565	Henry	9828049386	7743963602	408
2053	Emily	8473933712	79174763816	789
5584	Andrew	9329436112	44012324168	396
8290	Ryan	7198225887	63243621198	642
6992	Miley	8749127184	19794156934	970
3025	Nicholas	9033743436	32053220485	181
2034	Walter	7459438709	67281334896	226
3980	Tiana	7002771764	17284950527	206
4154	Annabella	9916313852	37863225721	476
4765	Maya	7499292828	84873655608	477
2213	Carlos	9756990203	78657862297	334
5003	Cherry	7044662741	9409006749	381
6095	Dexter	7482711632	26336269704	568
4395	Bruce	7521849360	38279331407	424
9543	Reid	9286389076	57971194175	296
1836	Elise	8910911318	55915422112	601
6200	Michelle	8593202835	4240468221	935
1959	Emily	9724353360	71348189178	301
6122	Aldus	8763692264	83215704956	118
1714	Sofia	7653818894	8325941579	683
1132	Natalie	9579186614	86586483504	925
1068	Tess	7627668507	52981434770	822
4014	Sophia	8479498252	70810494861	233
1192	Amanda	9623252209	80451716611	909
5091	Clark	8119951612	67918035559	215
3507	Jasmine	8895948484	9128991839	908
3354	Miller	8590166562	42562285373	601
2534	Brianna	9317018476	39917012111	680
1644	Reid	8693871098	71161769978	491
4959	Alexander	9744396692	12825488312	585
4973	Edwin	7514445165	34120747301	406
5002	Aldus	8773741253	18008182908	962
8599	Marcus	8873085380	57453327813	833
2868	Mary	7210330608	60567401842	793
4210	Hailey	8296386330	68344166451	372
1961	Byron	7863963723	47271548088	163
3087	Lana	8949421398	77711923691	221
1223	Kelvin	9497147058	20335500748	201
9914	Madaline	7412457765	87122050414	723
9470	Briony	7701676980	3292732637	656
7657	Adele	9478358554	80904837695	589
2988	Dominik	9213905924	17631742397	460
7682	Oliver	7337680127	26839770844	490
8707	Connie	8477007666	27794519445	875
7892	Catherine	9681319658	82527494697	992
9700	Amanda	7656140385	5175037489	254
8065	Ryan	8652772223	82764644634	983
8447	Patrick	7662610302	25927298715	874
2248	Sabrina	7888232742	26862140546	161
4630	Honey	7874719433	36513893023	583
1912	Alissa	7014029853	87337604231	867
1485	Paige	9418627347	28616828461	295
7618	Emily	7342080282	52020046217	466
5413	Mary	7935230842	62699840696	182
6037	Gianna	9761732412	49588890768	191
2552	Haris	8219893218	81462611302	855
2449	James	9269391415	7838359681	280
5753	Walter	8327126983	80623340784	737
7057	Chester	8193799071	5490205934	809
5015	Sam	7509857346	35611722258	781
7264	Stella	9184281176	47270763185	299
8642	Jenna	8606636647	23001475593	447
5388	Arianna	7379656278	41607441023	456
3720	Florrie	8917193863	43242294420	836
4905	Alfred	7726867821	14226919947	924
5205	Lana	8649904037	73945282897	103
9377	Samantha	9782775238	51557915995	597
2476	Adelaide	7294648352	51961013563	459
7335	Aldus	8617529797	87474258691	181
8503	Hailey	7443756416	64601854240	108
2291	Aida	8865985306	19722751478	423
1733	Emma	9992686339	75671633261	298
8656	Agata	9878107820	29287731404	997
7811	Mike	9862109207	14172136575	708
3991	Emma	7065309375	74473890584	308
9407	Lilianna	9795609760	71950668965	644
9402	Connie	9777312090	45776119580	334
9278	Olivia	7337285077	9916931429	475
6562	Briony	8606452741	68565596297	167
9418	William	9081641416	83600810545	470
9595	Stuart	9024129299	66787415083	104
4539	Preston	7353390827	15281353752	317
2622	Adelaide	8612087448	13480129929	594
7254	William	8160897011	33361794688	138
2593	Sophia	9509128570	5588727866	176
5537	Frederick	9023498548	33072831050	281
6021	Owen	8681466272	37405729907	263
5484	Eddy	7766902127	23370000520	187
3511	Alexander	8733329466	55391626671	970
4243	Arianna	8685286820	40234236004	942
1380	Marcus	9874917461	49555621623	536
7760	Freddie	8655775702	20070908717	248
7118	Kelsey	9647984406	38991055613	318
8246	Byron	9908177042	82118002216	954
4013	Briony	9451860365	17375865447	993
6393	Alina	8606914986	59061402845	976
9518	Ada	8514297239	34189701670	651
4260	Annabella	9583407268	28284748973	162
2734	Thomas	7532915500	23302107806	842
2434	Lyndon	9300217585	87880687943	269
6752	Cherry	9518242678	35954236825	156
8430	Freddie	7973551371	77645881660	636
5736	Alan	8472285183	84026323889	663
9917	Alina	7470141064	13470965664	339
5408	Andrew	8516938994	13010631131	792
1514	Lenny	9282582246	74392334989	206
1334	Myra	9777479099	24280190398	989
5796	Alexia	9004363723	73340749885	606
6635	Maximilian	9513167663	9545304010	475
7392	Lydia	8644793132	81496648309	194
1651	Victor	8307154160	83867639331	365
4219	Amelia	8855905674	57349036042	433
1626	Briony	7641744926	13026915362	653
3870	Walter	7484130536	19560555329	385
8138	Carl	7735620900	8844725134	872
4742	Mary	8560050739	18766846308	735
6975	Rafael	7117943842	65225355747	157
2842	Adele	8363323291	79653156653	225
9778	Melanie	8377945490	62003954317	764
4066	Myra	9169448402	12304736029	947
4333	Steven	7238252031	67836178192	643
1035	Deanna	9846576661	70780050146	270
5215	Fiona	8974648227	37821179876	171
5106	Vanessa	8377070974	33410579774	255
3293	Edward	8073456500	44014905503	442
4005	Martin	7838736575	84080231142	452
3127	Carl	7930744593	76753894420	233
4643	Adam	9342394312	29734812606	909
2570	Sydney	7270215438	60562353450	295
4290	Audrey	8592754628	86220959521	397
5549	Edward	8511903816	23098903793	408
3462	Adam	8379548179	43026042738	378
9013	Edwin	7346538899	20948192663	746
9611	Julian	8037985333	64981349082	613
3449	Clark	9816279637	9211920449	317
7923	Tess	9683222503	43099701121	823
4415	Ned	7406361658	8371016858	398
5583	Ted	8759263276	49723760666	766
5144	Aston	8176657768	47797710416	229
4867	Paige	7787928056	27734798963	856
8998	Sawyer	9845645586	55812756514	369
2759	Daniel	8171668867	48686068662	965
3950	Reid	9285392890	75701266889	900
8273	Dixon	7083883036	80355887718	843
9189	Mason	7054317717	34478142889	429
3432	Henderson	8047215145	76948770777	342
1582	Myers	7363031866	39508722386	626
5642	Howard	7513243533	38403259027	503
7737	Miller	9109465928	49263487808	310
8043	Edwards	9656291435	74985254703	495
6363	Harrison	8623258593	80383786332	578
9470	Richardson	7512575904	67389651401	615
7353	Morgan	8868187937	4375437575	925
4788	Baker	7126655744	82434493112	322
8740	Wells	7888978301	59091482461	889
6283	Morris	9587350573	17783111710	607
7898	Williams	7026996120	40523669111	688
5978	Clark	7530754404	37481803551	514
8263	Johnson	8414330579	7135672701	851
4389	Stewart	7979634884	65700976138	670
3744	Nelson	7018157872	23439640789	949
1244	Lloyd	7467001111	56328364337	568
6518	Jones	9034319870	40155660696	707
2971	Ryan	7775639447	81164176409	764
2277	Ellis	9060223544	67984199211	913
8239	Cole	7150528395	20406021222	695
5883	Morrison	7157896385	89917835315	350
1084	Reed	7087531443	78913930871	944
8729	Higgins	7975181389	18417785861	706
4130	Owens	7817833171	8622899904	578
8662	Turner	7549121927	59883616880	811
5366	Morrison	8986574263	78822777715	591
9995	Taylor	8968998413	63562692944	617
8533	Campbell	9467334572	89030293303	281
8093	Allen	7962602911	75579730472	899
6318	Edwards	8906030586	51347348239	871
1729	Morgan	7021125920	18881890005	904
9887	Chapman	7650894302	18141303501	165
9799	Howard	7563222364	39547550637	976
3600	Morris	8210670000	31194697867	641
8535	Walker	8444154479	70280879587	946
9230	Morgan	8068748351	16386466382	172
4139	Tucker	8950498910	55497230091	180
6990	Hill	8050196731	79401238646	290
1244	Hall	9628152535	58166106516	629
5461	Douglas	8782680483	56829722222	315
1750	Carroll	9096478932	83494713787	460
1686	Mitchell	8788148861	42671192325	123
7044	Harrison	7825770790	50712427257	358
1720	Ross	8709173002	46736657065	191
1798	Phillips	9660659588	57014274712	100
9231	Higgins	8608271144	83829003329	738
3466	Spencer	9039858523	27136597896	377
1182	Russell	7101944914	52202961126	379
7695	Montgomery	8136264961	57872422180	445
1250	Hall	8148095423	29890405628	838
7143	Rogers	7046425814	18687168757	421
5684	Clark	7928447050	21884385676	467
6174	Brown	9732771896	11023592553	199
6923	Ross	7936025677	84382247820	774
1269	Cunningham	8816472063	23935499792	371
4337	Ferguson	8187128602	39632234816	307
4315	Adams	7285607304	89795180587	140
1777	Alexander	7563722181	55250724504	339
3215	Edwards	8288841648	58788327585	801
1268	Robinson	8019045056	22484251863	252
3819	Johnson	7622608325	22880350487	983
1422	Allen	8924188586	57157237644	157
1487	Taylor	8652034142	27661343942	149
8676	Turner	9941712054	60785576814	842
1569	Hawkins	8765455386	6899442117	688
1986	Harris	8348252633	79453914953	244
4785	Gibson	9793142652	46120737615	129
1156	Stevens	9733147499	37592013735	593
2092	Reed	7140068921	76859364916	289
8035	Adams	8959992711	51638787778	420
8652	Grant	8206696092	70712215741	268
8410	Warren	9297571278	7198431400	483
3159	Crawford	7907283483	71145847574	848
6824	Crawford	9614824090	85540154737	150
9087	Warren	8347331404	72029267947	516
2754	Johnston	8857979445	28213206951	461
1624	Perry	9293965048	56772168823	957
3600	Stevens	8960911836	64526141467	914
2240	Perry	7417452928	87230682211	606
6214	Johnston	7374352937	4890734788	129
2808	Mason	8076238975	64151437485	811
6242	Mitchell	8468585343	87836944081	439
4900	Williams	9166838217	17446799105	179
3622	Miller	7636379370	11063075264	203
4011	Parker	8335354771	54477619027	207
4327	Warren	7085661448	87224531989	837
9908	Brown	7194882125	55343204378	796
3940	Russell	7020758892	34404440784	910
6074	Parker	7481510356	79796529387	582
3420	Morris	7230789775	30411640085	103
2354	Howard	9859692771	27175111210	686
1286	Williams	9419855713	51545462519	995
8572	Montgomery	7559154830	60887954063	589
2978	Sullivan	7180722900	81680381328	785
1527	Wright	7417417239	63786094012	298
9451	Williams	7274112729	9853152985	990
